brand,product_name,size,code,price,quantity,arrival_date,image
,Lốp xe NEOTERRA 195/65R16 92H NEOTOUR,195/65R16,2-R16 195/65 NEO,,,,
,Lốp xe DAVANTI 205/55ZR17 95W XL DX640,205/55ZR17,2-ZR17 205/55 DVT,1152000,528,,
,Lốp xe DAVANTI 215/45ZR18 93W XL DX640,215/45ZR18,2-ZR18 215/45 DVT,1404000,296,,
,Lốp xe DAVANTI 215/60R17 96H DX640,215/60R17,2-R17 215/60 DVT,1485000,196,,
,Lốp xe DAVANTI 235/45ZR19 99W XL DX640,235/45ZR19,2-ZR19 235/45 DVT,1998000,345,,
,Lốp xe DAVANTI 255/50ZR19 103Y DX640,255/50ZR19,2-ZR19 255/50 DVT,2205000,80,,
,Lốp xe DAVANTI 275/40ZR21 107Y XL DX640,275/40ZR21,2-ZR21 275/40 DVT,3240000,251,,
,Lốp xe DAVANTI 285/45ZR19 111W XL DX640,285/45ZR19,2-ZR19 285/45 DVT,2520000,92,,
Landspider,Lốp xe LANDSPIDER 155/80R13 79T CITYTRAXX G/P,155/80R13,2-R13 155/80 LPD,684000,214,,
Landspider,Lốp xe LANDSPIDER 165/60R14 75H CITYTRAXX G/P,165/60R14,2-R14 165/60 LPD,684000,239,,
Landspider,Lốp xe LANDSPIDER 165/65R14 79H CITYTRAXX G/P,165/65R14,2-R14 165/65 LPD,702000,369,,
Landspider,Lốp xe LANDSPIDER 165/80R13 75H CITYTRAXX G/P,165/80R13,2-R13 165/80 LPD,747000,204,,
Landspider,Lốp xe LANDSPIDER 175/55R15 77H CITYTRAXX G/P,175/55R15,2-R15 175/55 LPD,837000,16,,
Landspider,Lốp xe LANDSPIDER 175/60R15 81V CITYTRAXX G/P,175/60R15,2-R15 175/60 LPD,837000,11,,
Landspider,Lốp xe LANDSPIDER 175/65R14 86TXL CITYTRAXX G/P,175/65R14,2-R14 175/65 LPD,783000,113,,
Landspider,Lốp xe LANDSPIDER 175/65R15 84H CITYTRAXX G/P,175/65R15,2-R15 175/65 LPD,783000,48,,
Landspider,Lốp xe LANDSPIDER 175/70R13 82T CITYTRAXX G/P,175/70R13,2-R13 175/70 LPD,738000,18,,
Landspider,Lốp xe LANDSPIDER 175/70R14 84H CITYTRAXX G/P,175/70R14,2-R14 175/70 LPD,792000,0,,
Landspider,Lốp xe LANDSPIDER 185/55R15 82V CITYTRAXX G/P,185/55R15,2-R15 185/55 LPD,810000,779,,
Landspider,Lốp xe LANDSPIDER 185/55R16 83V CITYTRAXX G/P,185/55R16,2-R16 185/55 LPD,900000,265,,
Landspider,Lốp xe LANDSPIDER 185/60R14 82H CITYTRAXX G/P,185/60R14,2-R14 185/60 LPD,819000,89,25,
Landspider,Lốp xe LANDSPIDER 185/60R15 84H CITYTRAXX G/P,185/60R15,2-R15 185/60 LPD,810000,1350,,
Landspider,Lốp xe LANDSPIDER 185/65R14 86H CITYTRAXX G/P,185/65R14,2-R14 185/65 LPD,855000,59,25,
Landspider,Lốp xe LANDSPIDER 185/65R15 88H CITYTRAXX G/P,185/65R15,2-R15 185/65 LPD,900000,470,,
Landspider,Lốp xe LANDSPIDER 185/70R14 88H CITYTRAXX G/P,185/70R14,2-R14 185/70 LPD,864000,26,,
Landspider,Lốp xe LANDSPIDER 195/50R16 84V CITYTRAXX G/P,195/50R16,2-R16 195/50 LPD,927000,244,,
Landspider,Lốp xe LANDSPIDER 195/55R15 85V CITYTRAXX G/P,195/55R15,2-R15 195/55 LPD,963000,27,,
Landspider,Lốp xe LANDSPIDER 195/55R16 87V CITYTRAXX G/P,195/55R16,2-R16 195/55 LPD,1044000,222,,
Landspider,Lốp xe LANDSPIDER 195/60R15 88H CITYTRAXX G/P,195/60R15,2-R15 195/60 LPD,963000,74,,
Landspider,Lốp xe LANDSPIDER 195/60R16 89H CITYTRAXX G/P,195/60R16,2-R16 195/60 LPD,1116000,117,,
Landspider,Lốp xe LANDSPIDER 195/65R15 91H CITYTRAXX G/P,195/65R15,2-R15 195/65 LPD,972000,313,,
Landspider,Lốp xe LANDSPIDER 195/70R14 91H CITYTRAXX G/P,195/70R14,2-R14 195/70 LPD,963000,43,,
Landspider,Lốp xe LANDSPIDER 205/45ZR17 88 WXL CITYTRAXX H/P,205/45ZR17,2-ZR17 205/45 LPD,1215000,55,,
Landspider,Lốp xe LANDSPIDER 205/50ZR17 93WXL CITYTRAXX H/P,205/50ZR17,2-ZR17 205/50 LPD,1215000,296,,
Landspider,Lốp xe LANDSPIDER 205/55R16 91V CITYTRAXX G/P,205/55R16,2-R16 205/55 LPD,1044000,734,,
Landspider,Lốp xe LANDSPIDER 205/60R16 92V CITYTRAXX G/P,205/60R16,2-R16 205/60 LPD,1098000,850,,
Landspider,Lốp xe LANDSPIDER 205/65R15 94H CITYTRAXX G/P,205/65R15,2-R15 205/65 LPD,999000,303,,
Landspider,Lốp xe LANDSPIDER 205/65R16 95H CITYTRAXX G/P,205/65R16,2-R16 205/65 LPD,1170000,187,,
Landspider,Lốp xe LANDSPIDER 215/45ZR17 91WXL CITYTRAXX H/P,215/45ZR17,2-ZR17 215/45 LPD,1116000,682,,
Landspider,Lốp xe LANDSPIDER 215/50ZR17 95WXL CITYTRAXX H/P,215/50ZR17,2-ZR17 215/50 LPD,1233000,186,,
Landspider,Lốp xe LANDSPIDER 215/55R16 97VXL CITYTRAXX G/P,215/55R16,2-R16 215/55 LPD,1224000,31,,
Landspider,Lốp xe LANDSPIDER 215/55R17 98WXL CITYTRAXX H/P,215/55R17,2-ZR17 215/55 LPD,1233000,296,,
Landspider,Lốp xe LANDSPIDER 215/60R16 95V CITYTRAXX G/P,215/60R16,2-R16 215/60 LPD,1233000,185,,
Landspider,Lốp xe LANDSPIDER 215/65R16 98H CITYTRAXX G/P,215/65R16,2-R16 215/65 LPD,1260000,28,,
Landspider,Lốp xe LANDSPIDER 215/70R15 98H CITYTRAXX G/P,215/70R15,2-R15 215/70 LPD,1278000,2,,
Landspider,Lốp xe LANDSPIDER 215/70R16 100H CITYTRAXX H/T,215/70R16,2-R16 215/70 LPD,1413000,32,,
Landspider,Lốp xe LANDSPIDER 215/70R16C 108/106T CITYTRAXX H/T,215/70R16C,2-R16C 215/70 LPD 108/106,1467000,17,,
Landspider,Lốp xe LANDSPIDER 225/40ZR18 92WXL CITYTRAXX H/P,225/40ZR18,2-ZR18 225/40 LPD,1440000,22,,
Landspider,Lốp xe LANDSPIDER 225/40ZR19 93WXL CITYTRAXX H/P,225/40ZR19,2-ZR19 225/40 LPD,1917000,29,,
Landspider,Lốp xe LANDSPIDER 225/45ZR17 94WXL CITYTRAXX H/P,225/45ZR17,2-ZR17 225/45 LPD,1242000,507,,
Landspider,Lốp xe LANDSPIDER 225/45ZR18 95WXL CITYTRAXX H/P,225/45ZR18,2-ZR18 225/45 LPD,1440000,39,,
Landspider,Lốp xe LANDSPIDER 225/45ZR19 96WXL CITYTRAXX H/P,225/45ZR19,2-ZR19 225/45 LPD,1944000,144,,
Landspider,Lốp xe LANDSPIDER 225/50ZR17 98WXL CITYTRAXX H/P,225/50ZR17,2-ZR17 225/50 LPD,1278000,283,,
Landspider,Lốp xe LANDSPIDER 225/50ZR18 99WXL CITYTRAXX H/P,225/50ZR18,2-ZR18 225/50 LPD,1656000,145,,
Landspider,Lốp xe LANDSPIDER 225/55R16 99VXL CITYTRAXX G/P,225/55R16,2-R16 225/55 LPD,1233000,35,,
Landspider,Lốp xe LANDSPIDER 225/55ZR17 101WXL CITYTRAXX H/P,225/55ZR17,2-ZR17 225/55 LPD,1377000,95,,
Landspider,Lốp xe LANDSPIDER 225/55ZR18 102WXL CITYTRAXX H/P,225/55ZR18,2-ZR18 225/55 LPD,1602000,424,,
Landspider,Lốp xe LANDSPIDER 225/55ZR19 103WXL CITYTRAXX H/P,225/55ZR19,2-ZR19 225/55 LPD,1944000,351,,
Landspider,Lốp xe LANDSPIDER 225/60R16 98H CITYTRAXX G/P,225/60R16,2-R16 225/60 LPD,1359000,18,,
Landspider,Lốp xe LANDSPIDER 225/60R17 99H CITYTRAXX H/T,225/60R17,2-R17 225/60 LPD,1602000,62,,
Landspider,Lốp xe LANDSPIDER 225/60R18 100H CITYTRAXX H/T,225/60R18,2-R18 225/60 LPD,1701000,64,,
Landspider,Lốp xe LANDSPIDER 225/65R17 102H CITYTRAXX H/T,225/65R17,2-R17 225/65 LPD,1611000,77,,
Landspider,Lốp xe LANDSPIDER 225/70R16 107HXL CITYTRAXX H/T,225/70R16,2-R16 225/70 LPD,1701000,17,,
Landspider,Lốp xe LANDSPIDER 235/40ZR18 95WXL CITYTRAXX H/P,235/40ZR18,2-ZR18 235/40 LPD,1602000,31,,
Landspider,Lốp xe LANDSPIDER 235/40ZR19 96WXL CITYTRAXX H/P,235/40ZR19,2-ZR19 235/40 LPD,1989000,3,,
Landspider,Lốp xe LANDSPIDER 235/45ZR18 98WXL CITYTRAXX H/P,235/45ZR18,2-ZR18 235/45 LPD,1602000,101,,
Landspider,Lốp xe LANDSPIDER 235/50ZR18 101WXL CITYTRAXX H/P,235/50ZR18,2-ZR18 235/50 LPD,1656000,0,,
Landspider,Lốp xe LANDSPIDER 235/50ZR19 103WXL CITYTRAXX H/P,235/50ZR19,2-ZR19 235/50 LPD,1989000,117,,
Landspider,Lốp xe LANDSPIDER 235/55ZR18 104WXL CITYTRAXX H/P,235/55ZR18,2-ZR18 235/55 LPD,1701000,122,,
Landspider,Lốp xe LANDSPIDER 235/55ZR19 105WXL CITYTRAXX H/P,235/55ZR19,2-ZR19 235/55 LPD,1989000,313,,
Landspider,Lốp xe LANDSPIDER 235/60R16 100H CITYTRAXX H/T,235/60R16,2-R16 235/60 LPD,1512000,3,,
Landspider,Lốp xe LANDSPIDER 235/60R17 102H CITYTRAXX H/T,235/60R17,2-R17 235/60 LPD,1611000,46,,
Landspider,Lốp xe LANDSPIDER 235/60R18 107HXL CITYTRAXX H/T,235/60R18,2-R18 235/60 LPD,1755000,191,,
Landspider,Lốp xe LANDSPIDER 235/65R16C 122/119R CITYTRAXX H/T,235/65R16C,2-R16C 235/65 LPD,1872000,19,,
Landspider,Lốp xe LANDSPIDER 235/65R17 108HXL CITYTRAXX H/T,235/65R17,2-R17 235/65 LPD,1611000,48,,
Landspider,Lốp xe LANDSPIDER 235/65R18 110HXL CITYTRAXX H/T,235/65R18,2-R18 235/65 LPD,1800000,1,,
Landspider,Lốp xe LANDSPIDER 235/70R16 106H CITYTRAXX H/T,235/70R16,2-R16 235/70 LPD,1512000,39,,
Landspider,Lốp xe LANDSPIDER LT235/75R15 104/101S WILDTRAXX A/T,235/75R15,2-R15 LT235/75 LPD,1953000,46,,
Landspider,Lốp xe LANDSPIDER LT235/85R16 120/116S CITYTRAXX H/T,235/85R16,2-R16 LT235/85 LPD HT,2079000,0,,
Landspider,Lốp xe LANDSPIDER 245/40ZR17 95WXL CITYTRAXX H/P,245/40ZR17,2-ZR17 245/40 LPD,1467000,5,,
Landspider,Lốp xe LANDSPIDER 245/40ZR18 97WXL CITYTRAXX H/P,245/40ZR18,2-ZR18 245/40 LPD,1656000,36,,
Landspider,Lốp xe LANDSPIDER 245/40ZR19 98WXL CITYTRAXX H/P,245/40ZR19,2-ZR19 245/40 LPD,2034000,114,,
Landspider,Lốp xe LANDSPIDER 245/40ZR20 99WXL CITYTRAXX H/P,245/40ZR20,2-ZR20 245/40 LPD,2457000,1,,
Landspider,Lốp xe LANDSPIDER 245/45ZR17 99WXL CITYTRAXX H/P,245/45ZR17,2-ZR17 245/45 LPD,1467000,55,,
Landspider,Lốp xe LANDSPIDER 245/45ZR18 100WXL CITYTRAXX H/P,245/45ZR18,2-ZR18 245/45 LPD,1656000,202,,
Landspider,Lốp xe LANDSPIDER 245/45ZR19 102WXL CITYTRAXX H/P,245/45ZR19,2-ZR19 245/45 LPD,2034000,85,,
Landspider,Lốp xe LANDSPIDER 245/45ZR20 103WXL CITYTRAXX H/P,245/45ZR20,2-ZR20 245/45 LPD,2511000,97,,
Landspider,Lốp xe LANDSPIDER 245/50ZR20 105WXL CITYTRAXX H/P,245/50ZR20,2-ZR20 245/50 LPD,2511000,32,,
Landspider,Lốp xe LANDSPIDER 245/55ZR19 107WXL CITYTRAXX H/P,245/55ZR19,2-ZR19 245/55 LPD,2079000,30,,
Landspider,Lốp xe LANDSPIDER 245/65R17 111HXL CITYTRAXX H/T,245/65R17,2-R17 245/65 LPD,1755000,97,,
Landspider,Lốp xe LANDSPIDER 245/65R17 111TXL WILDTRAXX A/T,245/65R17,2-R17 245/65 LPD WILLTRAXX,2268000,64,,
Landspider,Lốp xe LANDSPIDER 245/70R16 111HXL CITYTRAXX H/T,245/70R16,2-R16 245/70 LPD,1755000,70,,
Landspider,Lốp xe LANDSPIDER 245/70R16 111TXL WILDTRAXX A/T,245/70R16,2-R16 245/70 LPD WILLTRAXX,1890000,54,,
Landspider,Lốp xe LANDSPIDER 245/70R17 110H CITYTRAXX H/T,245/70R17,2-R17 245/70 LPD HT,2322000,1,,
Landspider,Lốp xe LANDSPIDER 245/75R16 120/116S WILDTRAXX A/T,245/75R16,2-R16 245/75 LPD,,,,
Landspider,Lốp xe LANDSPIDER 255/35ZR19 96WXL CITYTRAXX H/P,255/35ZR19,2-ZR19 255/35 LPD,2160000,28,,
Landspider,Lốp xe LANDSPIDER 255/35ZR20 97WXL CITYTRAXX H/P,255/35ZR20,2-ZR20 255/35 LPD,2511000,8,,
Landspider,Lốp xe LANDSPIDER 255/40ZR18 99WXL CITYTRAXX H/P,255/40ZR18,2-ZR18 255/40 LPD,1800000,6,,
Landspider,Lốp xe LANDSPIDER 255/40ZR19 100WXL CITYTRAXX H/P,255/40ZR19,2-ZR19 255/40 LPD,2178000,10,,
Landspider,Lốp xe LANDSPIDER 255/45ZR18 103WXL CITYTRAXX H/P,255/45ZR18,2-ZR18 255/45 LPD,,,,
Landspider,Lốp xe LANDSPIDER 255/45ZR19 104WXL CITYTRAXX H/P,255/45ZR19,2-ZR19 255/45 LPD,2178000,10,,
Landspider,Lốp xe LANDSPIDER 255/50ZR20 109WXL CITYTRAXX H/P,255/50ZR20,2-ZR20 255/50 LPD,2511000,14,,
Landspider,Lốp xe LANDSPIDER 255/55R18 109 HXL CITYTRAXX H/T,255/55R18,2-R18 255/55 LPD,1827000,5,,
Landspider,Lốp xe LANDSPIDER 255/55ZR19 111WXL CITYTRAXX H/P,255/55ZR19,2-ZR19 255/55 LPD,2322000,13,,
Landspider,Lốp xe LANDSPIDER 255/55ZR20 110WXL CITYTRAXX H/P,255/55ZR20,2-ZR20 255/55 LPD,2511000,69,,
Landspider,Lốp xe LANDSPIDER 255/60R18 112 HXL CITYTRAXX H/T,255/60R18,2-R18 255/60 LPD,1944000,156,,
Landspider,Lốp xe LANDSPIDER 255/65R17 110H CITYTRAXX H/T,255/65R17,2-R17 255/65 LPD,1800000,21,,
Landspider,Lốp xe LANDSPIDER 255/65R18 111H CITYTRAXX H/T,255/65R18,2-R18 255/65 LPD,1944000,17,,
Landspider,Lốp xe LANDSPIDER 255/70R16 111H CITYTRAXX H/T,255/70R16,2-R16 255/70 LPD,1755000,282,,
Landspider,Lốp xe LANDSPIDER 255/70R16 111TXL WILDTRAXX A/T,255/70R16,2-R16 255/70 LPD AT,2079000,160,,
Landspider,Lốp xe LANDSPIDER 265/50R20 111TXL WILDTRAXX A/T,265/50R20,2-R20 265/50 LPD 111TXL,2601000,3,,
Landspider,Lốp xe LANDSPIDER 265/50ZR20 111WXL CITYTRAXX H/P,265/50ZR20,2-ZR20 265/50 LPD,2322000,96,,
Landspider,Lốp xe LANDSPIDER 265/60R18 110H CITYTRAXX H/T,265/60R18,2-R18 265/60 LPD,1944000,146,,
Landspider,Lốp xe LANDSPIDER 265/60R18 114TXL WILDTRAXX A/T,265/60R18,2-R18 265/60 LPD 116TWT,2412000,68,,
Landspider,Lốp xe LANDSPIDER 265/65R17 112H CITYTRAXX H/T,265/65R17,2-R17 265/65 LPD,1854000,216,,
Landspider,Lốp xe LANDSPIDER 265/65R17 112T WILDTRAXX A/T,265/65R17,2-R17 265/65 LPD 112T AT,2322000,40,,
Landspider,Lốp xe LANDSPIDER 265/65R18 114H CITYTRAXX H/T,265/65R18,2-R18 265/65 LPD,2223000,6,,
Landspider,Lốp xe LANDSPIDER 265/65R18 116TXL WILDTRAXX A/T,265/65R18,2-R18 265/65 LPD 116TWT,,,,
Landspider,Lốp xe LANDSPIDER 265/70R16 112H CITYTRAXX H/T,265/70R16,2-R16 265/70 LPD,1944000,12,,
Landspider,Lốp xe LANDSPIDER 265/70R16 112T WILDTRAXX A/T,265/70R16,2-R16 265/70 LPD AT,2133000,22,,
Landspider,Lốp xe LANDSPIDER 275/35ZR19 100WXL CITYTRAXX H/P,275/35ZR19,2-ZR19 275/35 LPD,2367000,148,,
Landspider,Lốp xe LANDSPIDER 275/35ZR20 102WXL CITYTRAXX H/P,275/35ZR20,2-ZR20 275/35 LPD,2556000,11,,
Landspider,Lốp xe LANDSPIDER 275/40ZR19 105WXL CITYTRAXX H/P,275/40ZR19,2-ZR19 275/40 LPD,2511000,8,,
Landspider,Lốp xe LANDSPIDER 275/40ZR20 106WXL CITYTRAXX H/P,275/40ZR20,2-ZR20 275/40 LPD,2556000,131,,
Landspider,Lốp xe LANDSPIDER 275/45ZR20 107WXL CITYTRAXX H/P,275/45ZR20,2-ZR20 275/45 LPD,2628000,36,,
Landspider,Lốp xe LANDSPIDER 275/45ZR21 110WXL CITYTRAXX H/P,275/45ZR21,2-ZR21 275/45 LPD,3312000,44,,
Landspider,Lốp xe LANDSPIDER 275/55R20 117TXL WILDTRAXX A/T,275/55R20,2-R20 275/55 LPD 117TXL,,,,
Landspider,Lốp xe LANDSPIDER 275/55R20 117VXL ROVERTRAXX X/T,275/55R20,2-R20 275/55 LPD XT,3438000,11,,
Landspider,Lốp xe LANDSPIDER 275/65R18 116H CITYTRAXX H/T,275/65R18,2-R18 275/65 LPD,2412000,9,,
Landspider,Lốp xe LANDSPIDER 275/65R18 125/122S WILDTRAXX A/T,275/65R18,2-R18 275/65 LPD AT,,,,
Landspider,Lốp xe LANDSPIDER 285/45ZR21 113WXL CITYTRAXX H/P,285/45ZR21,2-ZR21 285/45 LPD,3402000,0,,
Landspider,Lốp xe LANDSPIDER 285/45ZR22 114WXL CITYTRAXX H/P,285/45ZR22,2-ZR22 285/45 LPD,3735000,6,,
Landspider,Lốp xe LANDSPIDER 285/50R20 116 HXL CITYTRAXX H/T,285/50R20,2-R20 285/50 LPD,2628000,3,,
Landspider,Lốp xe LANDSPIDER 285/50R20 116TXL WILDTRAXX A/T,285/50R20,2-R20 285/50 LPD AT,3267000,4,,
Landspider,Lốp xe LANDSPIDER LT285/65R18 125/122S WILDTRAXX A/T,285/65R18,2-R18 285/65 LPD,3267000,1,,
Landspider,Lốp xe LANDSPIDER LT285/70R17 121/118S WILDTRAXX A/T,285/70R17,2-R17 285/70 LPD AT,3123000,12,,
Landspider,Lốp xe LANDSPIDER 315/35ZR20 110WXL CITYTRAXX H/P,315/35ZR20,2-ZR20 315/35 LPD,2889000,158,,
Rovelo,Lốp Rovelo 155R12C RCMX+,,2-R12C155/12,774000,108,,
Rovelo,Lốp Rovelo 155R13C RCM-X+,,2-R13C 155/13,972000,8,,
Rovelo,Lốp Rovelo 165R13C RCM-X+,,2-R13C 165/13,882000,0,,
Rovelo,Lốp Rovelo 175R13C 8PR RCM-X+,,2-R13C 175/13,954000,0,,
Rovelo,Lốp Rovelo 185R14C RCMX+,,2-R14C 185/14 RCMX+,1098000,41,,
Rovelo,Lốp Rovelo 195R14C RCMX+,,2-R14/195C,1287000,4,25,
Rovelo,Lốp Rovelo 195R15C RCMX+,,2-R15/195C,1395000,298,,
Rovelo,Lốp Rovelo 155/65R13 RHP-A68,155/65R13,2-R13 155/65 RHP-A68,,,,
Rovelo,Lốp Rovelo 155/70R13 RHP-A68,155/70R13,2-R13 155/70 RHP-A68,630000,100,,
Rovelo,Lốp Rovelo 165/60R14 RHP-A68,165/60R14,2-R14 165/60 RVL,648000,118,,
Rovelo,Lốp Rovelo 165/65R13 RHP-A68,165/65R13,2-R13 165/65 RVL,648000,35,,
Rovelo,Lốp Rovelo 165/65R14 RHP-A68,165/65R14,2-R14 165/65 RVL,675000,549,,
Rovelo,Lốp Rovelo 165/70R13 RHP-A68,165/70R13,2-R13 165/70 RVL,684000,0,,
Rovelo,Lốp Rovelo 175/50R15 RHP-A68,175/50R15,2-R15 175/50 RVL,783000,302,,
Rovelo,Lốp Rovelo 175/65R14 RHP-A68,175/65R14,2-R14 175/65 RVL,684000,311,,
Rovelo,Lốp Rovelo 175/70R13 RHP-A68,175/70R13,2-R13 175/70 RHP-A68,720000,16,,
Rovelo,Lốp Rovelo 175/70R14 RHP-A68,175/70R14,2-R14 175/70 RVL,729000,295,,
Rovelo,Lốp Rovelo 185/55R15 RHP-A68,185/55R15,2-R15 185/55 RVL,,,,
Rovelo,Lốp Rovelo 185/60R14 RHP-A68,185/60R14,2-R14 185/60 RVL,783000,83,25,
Rovelo,Lốp Rovelo 185/60R15 RHP-A68,185/60R15,2-R15 185/60 RVL,810000,557,,
Rovelo,Lốp Rovelo 185/65R14 RHP-A68,185/65R14,2-R14 185/65 RVL,801000,154,,
Rovelo,Lốp Rovelo 185/65R15 RHP-A68,185/65R15,2-R15 185/65 RVL,810000,324,,
Rovelo,Lốp Rovelo 185/70R13 RHP-A68,185/70R13,2-R13 185/70 RHP-A68,,0,,
Rovelo,Lốp Rovelo 185/70R14 RHP-A68,185/70R14,2-R14 185/70 RVL,819000,5,,
Rovelo,Lốp Rovelo 195/50R15 RHP-A68,195/50R15,2-R15 195/50 RVL,909000,4,,
Rovelo,Lốp Rovelo 195/50R16 RHP-A68,195/50R16,2-R16 195/50 RVL,945000,5,,
Rovelo,Lốp Rovelo 195/55R15 RHP-A68,195/55R15,2-R15 195/55 RVL,,,,
Rovelo,Lốp Rovelo 195/55R16 RHP-A68,195/55R16,2-R16 195/55 RVL,,,,
Rovelo,Lốp Rovelo 195/60R15 RHP-A68,195/60R15,2-R15 195/60 RVL,909000,1,,
Rovelo,Lốp Rovelo 195/65R14 RHP-A68,195/65R14,2-R14 195/65 RVL,981000,19,25,
Rovelo,Lốp Rovelo 195/65R15 RHP-A68,195/65R15,2-R15 195/65 RVL,981000,45,25,
Rovelo,Lốp Rovelo 195/70R14 RHP-A68,195/70R14,2-R14 195/70 RVL,,,,
Rovelo,Lốp Rovelo 195/70R15C RCMX+,195/70R15C,2-R15 195/70 RVL,1287000,157,,
Rovelo,Lốp Rovelo 195/75R16C RCMX+,195/75R16C,2-R16 195/75 RVL,1350000,14,,
Rovelo,Lốp Rovelo 205/55R16 RHP-A68,205/55R16,2-R16 205/55 RVL,963000,2,,
Rovelo,Lốp Rovelo 205/60R16 RHP-A68,205/60R16,2-R16 205/60 RVL,,,,
Rovelo,Lốp Rovelo 205/65R15 RHP-A68,205/65R15,2-R15 205/65 RVL,,,,
Rovelo,Lốp Rovelo 205/65R16 RHP-A68,205/65R16,2-R16 205/65 RVL,1143000,2,,
Rovelo,Lốp Rovelo 205/70R15C RCMX+,205/70R15C,2-R15 205/70 RVL,1251000,3,,
Rovelo,Lốp Rovelo 215/60R16 INSTINCT-AS01,215/60R16,2-R16 215/60RT RVL,1152000,9,,
Rovelo,Lốp Rovelo 215/70R15 98T RHP-A68,215/70R15,2-R15 215/70 RVL,1260000,9,,
Rovelo,Lốp Rovelo 215/75R16C RCMX+,215/75R16C,2-R16C 215/75 RVL,1611000,64,,
Rovelo,Lốp Rovelo 225/45R17 INSTINCT-AS01,225/45R17,2-R17 225/45 RVL,1170000,4,,
Rovelo,Lốp Rovelo 225/60R16 RHP-A68,225/60R16,2-R16 225/60 RVL,1287000,1,,
Rovelo,Lốp Rovelo 225/70R15C RCMX+,225/70R15C,2-R15 225/70 RVL,1503000,27,,
Rovelo,Lốp Rovelo 235/50R19 103W INSTINCT SUV,235/50R19,2-R19 235/50 RVL,1791000,9,,
Rovelo,Lốp Rovelo 235/55R19 INSTINCT SUV,235/55R19,2-R19 235/55 RVL,1800000,4,,
Rovelo,Lốp Rovelo 265/60R18 Road quest A/T,265/60R18,2-R18 265/60 RVL,2295000,20,,
Rovelo,Lốp Rovelo 265/65R17 Road quest A/T,265/65R17,2-R17 265/65 RVL,2430000,1,,
Rovelo,Lốp Rovelo 295/35R21 INSTINCT SUV,295/35R21,2-R21 295/35 RVL,3420000,1,,
